Workbook

Sheet Sem 2 Calendar
A1: SASS Events Calendar | Semester 2, 2026
A2: Mock plan for portfolio purposes. Teaching weeks assume Week 1 starts 27 Jul 2026. Confirm against the official academic calendar. Venues, times and partner clubs are placeholders.
B4: J U L | K4: A U G | T4: S E P T
A5: WEEK | B5: Monday | C5: Tuesday | D5: Wednesday | E5: Thursday | F5: Friday | G5: Saturday | H5: Sunday | J5: WEEK | K5: Monday | L5: Tuesday | M5: Wednesday | N5: Thursday | O5: Friday | P5: Saturday | Q5: Sunday | S5: WEEK | T5: Monday | U5: Tuesday | V5: Wednesday | W5: Thursday | X5: Friday | Y5: Saturday | Z5: Sunday
A6: BREAK | D6: 1 | E6: 2 | F6: 3 | G6: 4 | H6: 5 | J6: WEEK 1 | P6: 1 | Q6: 2 | S6: WEEK 6 | U6: 1 | V6: 2 | W6: 3 | X6: 4 Canva / Public Workshop | Y6: 5 | Z6: 6
A7: BREAK | B7: 6 | C7: 7 | D7: 8 | E7: 9 | F7: 10 | G7: 11 | H7: 12 | J7: WEEK 2 | K7: 3 | L7: 4 | M7: 5 | N7: 6 Canva / Public Workshop | O7: 7 | P7: 8 | Q7: 9 | S7: MID-SEM | T7: 7 | U7: 8 | V7: 9 | W7: 10 | X7: 11 | Y7: 12 | Z7: 13
A8: BREAK | B8: 13 | C8: 14 | D8: 15 | E8: 16 | F8: 17 | G8: 18 | H8: 19 | J8: WEEK 3 | K8: 10 | L8: 11 | M8: 12 | N8: 13 Thrifty Thurs | O8: 14 Merch Pre-orders Open | P8: 15 | Q8: 16 | S8: WEEK 7 | T8: 14 | U8: 15 | V8: 16 Malaysia Day | W8: 17 | X8: 18 Merch Collection Day | Y8: 19 Monash Cup Closing | Z8: 20
A9: O-WEEK | B9: 20 | C9: 21 | D9: 22 O-Week Clubs Booth | E9: 23 | F9: 24 | G9: 25 | H9: 26 | J9: WEEK 4 | K9: 17 | L9: 18 | M9: 19 | N9: 20 | O9: 21 Monash Cup Opening | P9: 22 | Q9: 23 | S9: WEEK 8 | T9: 21 | U9: 22 | V9: 23 | W9: 24 | X9: 25 Movie Night | Y9: 26 | Z9: 27
A10: WEEK 1 | B10: 27 | C10: 28 | D10: 29 | E10: 30 | F10: 31 SASSie Get-Together | J10: WEEK 5 | K10: 24 | L10: 25 Maulidur Rasul | M10: 26 | N10: 27 | O10: 28 Crafternoon | P10: 29 | Q10: 30 | S10: WEEK 9 | T10: 28 | U10: 29 | V10: 30
J11: WEEK 6 | K11: 31 Merdeka Day
B15: O C T | K15: N O V | T15: D E C
A16: WEEK | B16: Monday | C16: Tuesday | D16: Wednesday | E16: Thursday | F16: Friday | G16: Saturday | H16: Sunday | J16: WEEK | K16: Monday | L16: Tuesday | M16: Wednesday | N16: Thursday | O16: Friday | P16: Saturday | Q16: Sunday | S16: WEEK | T16: Monday | U16: Tuesday | V16: Wednesday | W16: Thursday | X16: Friday | Y16: Saturday | Z16: Sunday
A17: WEEK 9 | E17: 1 | F17: 2 Canva Drop-in | G17: 3 | H17: 4 | J17: WEEK 13 | Q17: 1 Halloween | S17: BREAK | U17: 1 | V17: 2 | W17: 3 | X17: 4 | Y17: 5 AGM and Elections | Z17: 6
A18: WEEK 10 | B18: 5 | C18: 6 | D18: 7 | E18: 8 | F18: 9 Photo Walk | G18: 10 | H18: 11 | J18: SWOTVAC | K18: 2 | L18: 3 | M18: 4 | N18: 5 | O18: 6 | P18: 7 | Q18: 8 Deepavali | S18: BREAK | T18: 7 | U18: 8 | V18: 9 | W18: 10 | X18: 11 Sultan of Selangor's Birthday | Y18: 12 Committee Handover | Z18: 13
A19: WEEK 11 | B19: 12 | C19: 13 | D19: 14 | E19: 15 | F19: 16 Crafternoon: Zine Making | G19: 17 | H19: 18 | J19: EXAMS | K19: 9 Deepavali (replacement) | L19: 10 Deepavali (additional) | M19: 11 | N19: 12 | O19: 13 | P19: 14 | Q19: 15 | S19: BREAK | T19: 14 | U19: 15 | V19: 16 | W19: 17 | X19: 18 | Y19: 19 | Z19: 20
A20: WEEK 12 | B20: 19 | C20: 20 | D20: 21 | E20: 22 End Sem Kit Packing | F20: 23 End Sem Kit Giveaway | G20: 24 | H20: 25 | J20: EXAMS | K20: 16 | L20: 17 | M20: 18 | N20: 19 | O20: 20 | P20: 21 | Q20: 22 | S20: BREAK | T20: 21 | U20: 22 | V20: 23 | W20: 24 | X20: 25 Christmas Day | Y20: 26 | Z20: 27
A21: WEEK 13 | B21: 26 | C21: 27 | D21: 28 | E21: 29 | F21: 30 Halloween | G21: 31 Halloween | J21: EXAMS | K21: 23 | L21: 24 | M21: 25 | N21: 26 | O21: 27 | P21: 28 Post-Exam SASSie Night | Q21: 29 | S21: BREAK | T21: 28 | U21: 29 | V21: 30 | W21: 31
J22: BREAK | K22: 30
A26: LEGEND | B26: Category | C26: Jul | D26: Aug | E26: Sep | F26: Oct | G26: Nov | H26: Dec
B27: Break/Holiday | C27: =COUNTIFS('Event Details'!$E:$E,$B27,'Event Details'!$A:$A,">="&DATE(2026,7,1),'Event Details'!$A:$A,"<="&DATE(2026,7,31)) -> 0 | D27: =COUNTIFS('Event Details'!$E:$E,$B27,'Event Details'!$A:$A,">="&DATE(2026,8,1),'Event Details'!$A:$A,"<="&DATE(2026,8,31)) -> 2 | E27: =COUNTIFS('Event Details'!$E:$E,$B27,'Event Details'!$A:$A,">="&DATE(2026,9,1),'Event Details'!$A:$A,"<="&DATE(2026,9,30)) -> 1 | F27: =COUNTIFS('Event Details'!$E:$E,$B27,'Event Details'!$A:$A,">="&DATE(2026,10,1),'Event Details'!$A:$A,"<="&DATE(2026,10,31)) -> 0 | G27: =COUNTIFS('Event Details'!$E:$E,$B27,'Event Details'!$A:$A,">="&DATE(2026,11,1),'Event Details'!$A:$A,"<="&DATE(2026,11,30)) -> 3 | H27: =COUNTIFS('Event Details'!$E:$E,$B27,'Event Details'!$A:$A,">="&DATE(2026,12,1),'Event Details'!$A:$A,"<="&DATE(2026,12,31)) -> 2
B28: Merch Related | C28: =COUNTIFS('Event Details'!$E:$E,$B28,'Event Details'!$A:$A,">="&DATE(2026,7,1),'Event Details'!$A:$A,"<="&DATE(2026,7,31)) -> 0 | D28: =COUNTIFS('Event Details'!$E:$E,$B28,'Event Details'!$A:$A,">="&DATE(2026,8,1),'Event Details'!$A:$A,"<="&DATE(2026,8,31)) -> 1 | E28: =COUNTIFS('Event Details'!$E:$E,$B28,'Event Details'!$A:$A,">="&DATE(2026,9,1),'Event Details'!$A:$A,"<="&DATE(2026,9,30)) -> 1 | F28: =COUNTIFS('Event Details'!$E:$E,$B28,'Event Details'!$A:$A,">="&DATE(2026,10,1),'Event Details'!$A:$A,"<="&DATE(2026,10,31)) -> 0 | G28: =COUNTIFS('Event Details'!$E:$E,$B28,'Event Details'!$A:$A,">="&DATE(2026,11,1),'Event Details'!$A:$A,"<="&DATE(2026,11,30)) -> 0 | H28: =COUNTIFS('Event Details'!$E:$E,$B28,'Event Details'!$A:$A,">="&DATE(2026,12,1),'Event Details'!$A:$A,"<="&DATE(2026,12,31)) -> 0
B29: MUSA Events | C29: =COUNTIFS('Event Details'!$E:$E,$B29,'Event Details'!$A:$A,">="&DATE(2026,7,1),'Event Details'!$A:$A,"<="&DATE(2026,7,31)) -> 0 | D29: =COUNTIFS('Event Details'!$E:$E,$B29,'Event Details'!$A:$A,">="&DATE(2026,8,1),'Event Details'!$A:$A,"<="&DATE(2026,8,31)) -> 1 | E29: =COUNTIFS('Event Details'!$E:$E,$B29,'Event Details'!$A:$A,">="&DATE(2026,9,1),'Event Details'!$A:$A,"<="&DATE(2026,9,30)) -> 1 | F29: =COUNTIFS('Event Details'!$E:$E,$B29,'Event Details'!$A:$A,">="&DATE(2026,10,1),'Event Details'!$A:$A,"<="&DATE(2026,10,31)) -> 0 | G29: =COUNTIFS('Event Details'!$E:$E,$B29,'Event Details'!$A:$A,">="&DATE(2026,11,1),'Event Details'!$A:$A,"<="&DATE(2026,11,30)) -> 0 | H29: =COUNTIFS('Event Details'!$E:$E,$B29,'Event Details'!$A:$A,">="&DATE(2026,12,1),'Event Details'!$A:$A,"<="&DATE(2026,12,31)) -> 0
B30: SASS Events | C30: =COUNTIFS('Event Details'!$E:$E,$B30,'Event Details'!$A:$A,">="&DATE(2026,7,1),'Event Details'!$A:$A,"<="&DATE(2026,7,31)) -> 1 | D30: =COUNTIFS('Event Details'!$E:$E,$B30,'Event Details'!$A:$A,">="&DATE(2026,8,1),'Event Details'!$A:$A,"<="&DATE(2026,8,31)) -> 3 | E30: =COUNTIFS('Event Details'!$E:$E,$B30,'Event Details'!$A:$A,">="&DATE(2026,9,1),'Event Details'!$A:$A,"<="&DATE(2026,9,30)) -> 2 | F30: =COUNTIFS('Event Details'!$E:$E,$B30,'Event Details'!$A:$A,">="&DATE(2026,10,1),'Event Details'!$A:$A,"<="&DATE(2026,10,31)) -> 4 | G30: =COUNTIFS('Event Details'!$E:$E,$B30,'Event Details'!$A:$A,">="&DATE(2026,11,1),'Event Details'!$A:$A,"<="&DATE(2026,11,30)) -> 1 | H30: =COUNTIFS('Event Details'!$E:$E,$B30,'Event Details'!$A:$A,">="&DATE(2026,12,1),'Event Details'!$A:$A,"<="&DATE(2026,12,31)) -> 2
B31: Orientations | C31: =COUNTIFS('Event Details'!$E:$E,$B31,'Event Details'!$A:$A,">="&DATE(2026,7,1),'Event Details'!$A:$A,"<="&DATE(2026,7,31)) -> 1 | D31: =COUNTIFS('Event Details'!$E:$E,$B31,'Event Details'!$A:$A,">="&DATE(2026,8,1),'Event Details'!$A:$A,"<="&DATE(2026,8,31)) -> 0 | E31: =COUNTIFS('Event Details'!$E:$E,$B31,'Event Details'!$A:$A,">="&DATE(2026,9,1),'Event Details'!$A:$A,"<="&DATE(2026,9,30)) -> 0 | F31: =COUNTIFS('Event Details'!$E:$E,$B31,'Event Details'!$A:$A,">="&DATE(2026,10,1),'Event Details'!$A:$A,"<="&DATE(2026,10,31)) -> 0 | G31: =COUNTIFS('Event Details'!$E:$E,$B31,'Event Details'!$A:$A,">="&DATE(2026,11,1),'Event Details'!$A:$A,"<="&DATE(2026,11,30)) -> 0 | H31: =COUNTIFS('Event Details'!$E:$E,$B31,'Event Details'!$A:$A,">="&DATE(2026,12,1),'Event Details'!$A:$A,"<="&DATE(2026,12,31)) -> 0
B32: Collaborations | C32: =COUNTIFS('Event Details'!$E:$E,$B32,'Event Details'!$A:$A,">="&DATE(2026,7,1),'Event Details'!$A:$A,"<="&DATE(2026,7,31)) -> 0 | D32: =COUNTIFS('Event Details'!$E:$E,$B32,'Event Details'!$A:$A,">="&DATE(2026,8,1),'Event Details'!$A:$A,"<="&DATE(2026,8,31)) -> 0 | E32: =COUNTIFS('Event Details'!$E:$E,$B32,'Event Details'!$A:$A,">="&DATE(2026,9,1),'Event Details'!$A:$A,"<="&DATE(2026,9,30)) -> 0 | F32: =COUNTIFS('Event Details'!$E:$E,$B32,'Event Details'!$A:$A,">="&DATE(2026,10,1),'Event Details'!$A:$A,"<="&DATE(2026,10,31)) -> 3 | G32: =COUNTIFS('Event Details'!$E:$E,$B32,'Event Details'!$A:$A,">="&DATE(2026,11,1),'Event Details'!$A:$A,"<="&DATE(2026,11,30)) -> 1 | H32: =COUNTIFS('Event Details'!$E:$E,$B32,'Event Details'!$A:$A,">="&DATE(2026,12,1),'Event Details'!$A:$A,"<="&DATE(2026,12,31)) -> 0
B33: Total | C33: =SUM(C27:C32) -> 2 | D33: =SUM(D27:D32) -> 7 | E33: =SUM(E27:E32) -> 5 | F33: =SUM(F27:F32) -> 7 | G33: =SUM(G27:G32) -> 5 | H33: =SUM(H27:H32) -> 4
B34: Counts update from the Event Details tab.

Sheet Event Details
A1: Date | B1: Day | C1: Teaching Week | D1: Event | E1: Category | F1: Time | G1: Venue | H1: Lead | I1: Partner | J1: Description | K1: Promo Starts | L1: Final Reminder | M1: Status
A2: 46225 | B2: =TEXT(A2,"ddd") -> Wed | C2: O-WEEK | D2: O-Week Clubs Booth | E2: Orientations | F2: 10am to 4pm | G2: [CLUBS FAIR VENUE] | H2: President, Marketing | J2: Recruit new members, run a spin-the-wheel game and collect sign-ups for the welcome get-together. | K2: =A2-10 -> 46215 | L2: =A2-1 -> 46224 | M2: Confirmed
A3: 46234 | B3: =TEXT(A3,"ddd") -> Fri | C3: WEEK 1 | D3: SASSie Get-Together | E3: SASS Events | F3: 5pm to 7pm | G3: [ROOM / LOUNGE] | H3: Events | J3: Welcome social for new and returning members with icebreakers, snacks and a committee intro. | K3: =A3-10 -> 46224 | L3: =A3-1 -> 46233 | M3: Confirmed
A4: 46240 | B4: =TEXT(A4,"ddd") -> Thu | C4: WEEK 2 | D4: Canva / Public Workshop | E4: SASS Events | F4: 4pm to 6pm | G4: [COMPUTER LAB] | H4: Events, Design | J4: Beginner Canva workshop open to all students. Build a poster from scratch using a simple layout system. | K4: =A4-10 -> 46230 | L4: =A4-1 -> 46239 | M4: Confirmed
A5: 46247 | B5: =TEXT(A5,"ddd") -> Thu | C5: WEEK 3 | D5: Thrifty Thurs | E5: SASS Events | F5: 11am to 3pm | G5: [FOYER] | H5: Events | J5: Pre-loved clothing swap and mini thrift market. Bring 3 items, take 3 items. | K5: =A5-10 -> 46237 | L5: =A5-1 -> 46246 | M5: Confirmed
A6: 46248 | B6: =TEXT(A6,"ddd") -> Fri | C6: WEEK 3 | D6: Merch Pre-orders Open | E6: Merch Related | F6: All day | G6: Online form | H6: Merch, Marketing | J6: Launch of semester merch pre-orders (tote bags and tees). Pre-orders close 28 Aug. | K6: =A6-10 -> 46238 | L6: =A6-1 -> 46247 | M6: Confirmed
A7: 46255 | B7: =TEXT(A7,"ddd") -> Fri | C7: WEEK 4 | D7: Monash Cup Opening | E7: MUSA Events | F7: [TIME] | G7: [MUSA VENUE] | H7: Sports Liaison | I7: MUSA | J7: MUSA inter-club sports tournament opening. SASS to send a team and a cheer squad. | K7: =A7-10 -> 46245 | L7: =A7-1 -> 46254 | M7: Confirmed
A8: 46259 | B8: =TEXT(A8,"ddd") -> Tue | C8: WEEK 5 | D8: Maulidur Rasul | E8: Break/Holiday | J8: Public holiday.
A9: 46262 | B9: =TEXT(A9,"ddd") -> Fri | C9: WEEK 5 | D9: Crafternoon | E9: SASS Events | F9: 2pm to 5pm | G9: [ROOM] | H9: Events | J9: Tote bag painting session. Materials provided, limited to 30 spots. | K9: =A9-10 -> 46252 | L9: =A9-1 -> 46261 | M9: Confirmed
A10: 46265 | B10: =TEXT(A10,"ddd") -> Mon | C10: WEEK 6 | D10: Merdeka Day | E10: Break/Holiday | J10: Public holiday.
A11: 46269 | B11: =TEXT(A11,"ddd") -> Fri | C11: WEEK 6 | D11: Canva / Public Workshop | E11: SASS Events | F11: 4pm to 6pm | G11: [COMPUTER LAB] | H11: Events, Design | J11: Intermediate Canva workshop covering social media templates and brand kits. | K11: =A11-10 -> 46259 | L11: =A11-1 -> 46268 | M11: Planning
A12: 46281 | B12: =TEXT(A12,"ddd") -> Wed | C12: WEEK 7 | D12: Malaysia Day | E12: Break/Holiday | J12: Public holiday (falls in the week after mid-sem break).
A13: 46283 | B13: =TEXT(A13,"ddd") -> Fri | C13: WEEK 7 | D13: Merch Collection Day | E13: Merch Related | F13: 11am to 2pm | G13: [FOYER] | H13: Merch | J13: Pre-ordered merch collection. Walk-in purchases while stocks last. | K13: =A13-10 -> 46273 | L13: =A13-1 -> 46282 | M13: Planning
A14: 46284 | B14: =TEXT(A14,"ddd") -> Sat | C14: WEEK 7 | D14: Monash Cup Closing | E14: MUSA Events | F14: [TIME] | G14: [MUSA VENUE] | H14: Sports Liaison | I14: MUSA | J14: Monash Cup finals and closing ceremony. | K14: =A14-10 -> 46274 | L14: =A14-1 -> 46283 | M14: Planning
A15: 46290 | B15: =TEXT(A15,"ddd") -> Fri | C15: WEEK 8 | D15: Movie Night | E15: SASS Events | F15: 7pm to 10pm | G15: [LECTURE THEATRE] | H15: Events | J15: Member-voted film screening with popcorn. Poll runs on Instagram Stories the week before. | K15: =A15-10 -> 46280 | L15: =A15-1 -> 46289 | M15: Planning
A16: 46297 | B16: =TEXT(A16,"ddd") -> Fri | C16: WEEK 9 | D16: Canva Drop-in | E16: SASS Events | F16: 12pm to 2pm | G16: [COMPUTER LAB] | H16: Design | J16: Drop-in help session for assignment posters and club graphics. | K16: =A16-10 -> 46287 | L16: =A16-1 -> 46296 | M16: Planning
A17: 46304 | B17: =TEXT(A17,"ddd") -> Fri | C17: WEEK 10 | D17: Photo Walk | E17: Collaborations | F17: 4.30pm to 6.30pm | G17: Meet at [LOCATION] | H17: Events | I17: [PARTNER CLUB] | J17: Golden hour campus photo walk with basic phone photography tips. Best shots featured on Instagram. | K17: =A17-10 -> 46294 | L17: =A17-1 -> 46303 | M17: Planning
A18: 46311 | B18: =TEXT(A18,"ddd") -> Fri | C18: WEEK 11 | D18: Crafternoon: Zine Making | E18: SASS Events | F18: 2pm to 5pm | G18: [ROOM] | H18: Events | J18: Collage and zine-making session. Finished zines displayed at the end sem kit giveaway. | K18: =A18-10 -> 46301 | L18: =A18-1 -> 46310 | M18: Planning
A19: 46317 | B19: =TEXT(A19,"ddd") -> Thu | C19: WEEK 12 | D19: End Sem Kit Packing | E19: SASS Events | F19: 3pm to 6pm | G19: [ROOM] | H19: Committee | J19: Committee and volunteers pack exam care kits (snacks, stationery, study tips card). | K19: =A19-10 -> 46307 | L19: =A19-1 -> 46316 | M19: Planning
A20: 46318 | B20: =TEXT(A20,"ddd") -> Fri | C20: WEEK 12 | D20: End Sem Kit Giveaway | E20: SASS Events | F20: 11am to 2pm | G20: [FOYER] | H20: Committee | J20: Free exam care kits for members. Sign-up required, first come first served. | K20: =A20-10 -> 46308 | L20: =A20-1 -> 46317 | M20: Planning
A21: 46325 | B21: =TEXT(A21,"ddd") -> Fri | C21: WEEK 13 | D21: Halloween | E21: Collaborations | F21: [TIME] | G21: [VENUE] | H21: Events | I21: [PARTNER CLUB] | J21: Three-day Halloween collaboration. Day 1 costume photo booth. | K21: =A21-10 -> 46315 | L21: =A21-1 -> 46324 | M21: Planning
A22: 46326 | B22: =TEXT(A22,"ddd") -> Sat | C22: WEEK 13 | D22: Halloween | E22: Collaborations | F22: [TIME] | G22: [VENUE] | H22: Events | I22: [PARTNER CLUB] | J22: Day 2 spooky craft corner and costume contest. | K22: =A22-10 -> 46316 | L22: =A22-1 -> 46325 | M22: Planning
A23: 46327 | B23: =TEXT(A23,"ddd") -> Sun | C23: WEEK 13 | D23: Halloween | E23: Collaborations | F23: [TIME] | G23: [VENUE] | H23: Events | I23: [PARTNER CLUB] | J23: Day 3 horror movie marathon. | K23: =A23-10 -> 46317 | L23: =A23-1 -> 46326 | M23: Planning
A24: 46334 | B24: =TEXT(A24,"ddd") -> Sun | C24: SWOTVAC | D24: Deepavali | E24: Break/Holiday | J24: Public holiday.
A25: 46335 | B25: =TEXT(A25,"ddd") -> Mon | C25: EXAMS | D25: Deepavali (replacement) | E25: Break/Holiday | J25: Public holiday.
A26: 46336 | B26: =TEXT(A26,"ddd") -> Tue | C26: EXAMS | D26: Deepavali (additional) | E26: Break/Holiday | J26: Additional holiday in Selangor. Confirm.
A27: 46354 | B27: =TEXT(A27,"ddd") -> Sat | C27: EXAMS | D27: Post-Exam SASSie Night | E27: SASS Events | F27: 7pm to 10pm | G27: [VENUE] | H27: Events | J27: End of semester celebration dinner once exams wrap up. | K27: =A27-10 -> 46344 | L27: =A27-1 -> 46353 | M27: Planning
A28: 46361 | B28: =TEXT(A28,"ddd") -> Sat | C28: BREAK | D28: AGM and Elections | E28: SASS Events | F28: 2pm to 4pm | G28: [ROOM] or online | H28: President, Secretary | J28: Annual general meeting, year in review and committee elections. | K28: =A28-10 -> 46351 | L28: =A28-1 -> 46360 | M28: Planning
A29: 46367 | B29: =TEXT(A29,"ddd") -> Fri | C29: BREAK | D29: Sultan of Selangor's Birthday | E29: Break/Holiday | J29: Selangor public holiday.
A30: 46368 | B30: =TEXT(A30,"ddd") -> Sat | C30: BREAK | D30: Committee Handover | E30: SASS Events | F30: 11am to 3pm | G30: [VENUE] | H30: Outgoing committee | J30: Handover session and bonding lunch for outgoing and incoming committees. | K30: =A30-10 -> 46358 | L30: =A30-1 -> 46367 | M30: Planning
A31: 46381 | B31: =TEXT(A31,"ddd") -> Fri | C31: BREAK | D31: Christmas Day | E31: Break/Holiday | J31: Public holiday.
A33: Promo Starts = 10 days before the event (poster goes live). Final Reminder = Instagram Story the day before. Both update if the date changes.
